{"cameraMode":{"drawMode":0,"name":"Shaded","section":"Shading Mode"},"sceneLighting":false,"audioPlay":false,"sceneViewState":{"showFog":true,"showMaterialUpdate":false,"showSkybox":true,"showFlares":true,"showImageEffects":true,"showParticleSystems":true},"in2DMode":false,"pivot":{"x":-0.2352466881275177,"y":-4.109033107757568,"z":-9.400074005126954},"rotation":{"x":0.1552983671426773,"y":0.03956856578588486,"z":-0.006223381031304598,"w":0.987055242061615},"size":2.310858964920044,"orthographic":false}