{"cameraMode":{"drawMode":0,"name":"Shaded","section":"Shading Mode"},"sceneLighting":true,"audioPlay":false,"sceneViewState":{"showFog":true,"showMaterialUpdate":false,"showSkybox":true,"showFlares":true,"showImageEffects":true,"showParticleSystems":true},"in2DMode":false,"pivot":{"x":2.6961922645568849,"y":-1.547910451889038,"z":5.07720422744751},"rotation":{"x":-0.07138089090585709,"y":0.6647555828094482,"z":-0.06404687464237213,"w":-0.7408797144889832},"size":6.879817962646484,"orthographic":false}