{"cameraMode":{"drawMode":0,"name":"Shaded","section":"Shading Mode"},"sceneLighting":false,"audioPlay":false,"sceneViewState":{"showFog":true,"showMaterialUpdate":false,"showSkybox":true,"showFlares":true,"showImageEffects":true,"showParticleSystems":true},"in2DMode":false,"pivot":{"x":-0.3080790042877197,"y":-4.135373592376709,"z":-9.404123306274414},"rotation":{"x":0.16130244731903077,"y":0.0232551172375679,"z":-0.003799828002229333,"w":0.9866237044334412},"size":2.310858964920044,"orthographic":false}