{"cameraMode":{"drawMode":0,"name":"Shaded","section":"Shading Mode"},"sceneLighting":true,"audioPlay":false,"sceneViewState":{"showFog":true,"showMaterialUpdate":false,"showSkybox":true,"showFlares":true,"showImageEffects":true,"showParticleSystems":true},"in2DMode":false,"pivot":{"x":10.524205207824707,"y":-8.796107292175293,"z":-2.040688991546631},"rotation":{"x":-0.12712375819683076,"y":-0.5985579490661621,"z":0.09693291783332825,"w":-0.7849661707878113},"size":18.258943557739259,"orthographic":false}