{"cameraMode":{"drawMode":0,"name":"Shaded","section":"Shading Mode"},"sceneLighting":false,"audioPlay":false,"sceneViewState":{"showFog":true,"showMaterialUpdate":false,"showSkybox":true,"showFlares":true,"showImageEffects":true,"showParticleSystems":true},"in2DMode":false,"pivot":{"x":2.7100000381469728,"y":0.1532001495361328,"z":-2.819999933242798},"rotation":{"x":-0.04350465536117554,"y":-0.046119142323732379,"z":0.00200857687741518,"w":-0.9979861974716187},"size":20.442781448364259,"orthographic":false}