{"cameraMode":{"drawMode":0,"name":"Shaded","section":"Shading Mode"},"sceneLighting":false,"audioPlay":false,"sceneViewState":{"showFog":true,"showMaterialUpdate":false,"showSkybox":true,"showFlares":true,"showImageEffects":true,"showParticleSystems":true},"in2DMode":false,"pivot":{"x":2.3399999141693117,"y":4.639999866485596,"z":-3.630000114440918},"rotation":{"x":0.010442273691296578,"y":0.009711885824799538,"z":0.00009912435052683577,"w":-0.999898374080658},"size":22.0,"orthographic":false}