{"cameraMode":{"drawMode":0,"name":"Shaded","section":"Shading Mode"},"sceneLighting":false,"audioPlay":false,"sceneViewState":{"showFog":true,"showMaterialUpdate":true,"showSkybox":false,"showFlares":true,"showImageEffects":true,"showParticleSystems":true},"in2DMode":false,"pivot":{"x":0.19189786911010743,"y":1.1541498899459839,"z":-2.2467331886291506},"rotation":{"x":-0.1380832940340042,"y":0.03601544722914696,"z":-0.004994095768779516,"w":-0.9898566007614136},"size":4.939927101135254,"orthographic":false}