{"cameraMode":{"drawMode":0,"name":"Shaded","section":"Shading Mode"},"sceneLighting":false,"audioPlay":false,"sceneViewState":{"showFog":true,"showMaterialUpdate":true,"showSkybox":false,"showFlares":true,"showImageEffects":true,"showParticleSystems":true},"in2DMode":false,"pivot":{"x":45.45999526977539,"y":8.979999542236329,"z":49.36000061035156},"rotation":{"x":-0.0005375186447054148,"y":-0.9998071789741516,"z":0.027006370946764947,"w":0.006302761845290661},"size":2.8578836917877199,"orthographic":false}