{"cameraMode":{"drawMode":0,"name":"Shaded","section":"Shading Mode"},"sceneLighting":false,"audioPlay":false,"sceneViewState":{"showFog":true,"showMaterialUpdate":true,"showSkybox":false,"showFlares":true,"showImageEffects":true,"showParticleSystems":true},"in2DMode":false,"pivot":{"x":-1.1862355470657349,"y":1.2028980255126954,"z":4.13057279586792},"rotation":{"x":0.04736921936273575,"y":-0.25354647636413576,"z":0.010955517180263996,"w":0.966455340385437},"size":5.314095973968506,"orthographic":false}