{"cameraMode":{"drawMode":0,"name":"Shaded","section":"Shading Mode"},"sceneLighting":true,"audioPlay":false,"sceneViewState":{"showFog":true,"showMaterialUpdate":true,"showSkybox":true,"showFlares":true,"showImageEffects":true,"showParticleSystems":true},"in2DMode":false,"pivot":{"x":-12.68372631072998,"y":8.383721351623536,"z":-4.995922088623047},"rotation":{"x":0.10980646312236786,"y":0.15518343448638917,"z":-0.016819557175040246,"w":0.9817600250244141},"size":1.9364664554595948,"orthographic":false}