{"cameraMode":{"drawMode":0,"name":"Shaded","section":"Shading Mode"},"sceneLighting":true,"audioPlay":false,"sceneViewState":{"showFog":true,"showMaterialUpdate":true,"showSkybox":true,"showFlares":true,"showImageEffects":true,"showParticleSystems":true},"in2DMode":false,"pivot":{"x":3.399303436279297,"y":-2.3420844078063967,"z":5.320660591125488},"rotation":{"x":-0.1319126933813095,"y":-0.07012771815061569,"z":0.009807662107050419,"w":-0.9892176985740662},"size":15.180917739868164,"orthographic":false}