{"cameraMode":{"drawMode":0,"name":"Shaded","section":"Shading Mode"},"sceneLighting":false,"audioPlay":false,"sceneViewState":{"showFog":true,"showMaterialUpdate":true,"showSkybox":false,"showFlares":true,"showImageEffects":true,"showParticleSystems":true},"in2DMode":false,"pivot":{"x":6.439504146575928,"y":1.511872410774231,"z":-0.8299326300621033},"rotation":{"x":-0.20948991179466248,"y":0.45646530389785769,"z":-0.11181312799453736,"w":-0.8577020168304443},"size":0.0000587330614507664,"orthographic":false}