{"cameraMode":{"drawMode":0,"name":"Shaded","section":"Shading Mode"},"sceneLighting":true,"audioPlay":false,"sceneViewState":{"showFog":true,"showMaterialUpdate":true,"showSkybox":true,"showFlares":true,"showImageEffects":true,"showParticleSystems":true},"in2DMode":false,"pivot":{"x":2.6064767837524416,"y":-8.931495666503907,"z":17.2237548828125},"rotation":{"x":0.1883823126554489,"y":0.03475593775510788,"z":-0.008008775301277638,"w":0.98188716173172},"size":29.697189331054689,"orthographic":false}