{"cameraMode":{"drawMode":0,"name":"Shaded","section":"Shading Mode"},"sceneLighting":false,"audioPlay":false,"sceneViewState":{"showFog":true,"showMaterialUpdate":true,"showSkybox":false,"showFlares":true,"showImageEffects":true,"showParticleSystems":true},"in2DMode":false,"pivot":{"x":0.0,"y":0.7599999904632568,"z":-7.480000019073486},"rotation":{"x":0.27338412404060366,"y":-0.3975353240966797,"z":0.1260174661874771,"w":0.8670558929443359},"size":2.7901723384857179,"orthographic":false}