{"cameraMode":{"drawMode":0,"name":"Shaded","section":"Shading Mode"},"sceneLighting":false,"audioPlay":false,"sceneViewState":{"showFog":true,"showMaterialUpdate":true,"showSkybox":false,"showFlares":true,"showImageEffects":true,"showParticleSystems":true},"in2DMode":false,"pivot":{"x":-0.017510414123535157,"y":0.053375959396362308,"z":0.00026553869247436523},"rotation":{"x":0.13317133486270905,"y":-0.6050471663475037,"z":0.10355206578969956,"w":0.7781451344490051},"size":2.9961156845092775,"orthographic":false}