{"cameraMode":{"drawMode":0,"name":"Shaded","section":"Shading Mode"},"sceneLighting":false,"audioPlay":false,"sceneViewState":{"showFog":true,"showMaterialUpdate":true,"showSkybox":true,"showFlares":true,"showImageEffects":true,"showParticleSystems":true},"in2DMode":false,"pivot":{"x":1.182159185409546,"y":0.15317463874816895,"z":1.6845176219940186},"rotation":{"x":0.29971110820770266,"y":-0.09653344750404358,"z":0.03049984946846962,"w":0.9486860036849976},"size":2.8578836917877199,"orthographic":false}