{"cameraMode":{"drawMode":0,"name":"Shaded","section":"Shading Mode"},"sceneLighting":false,"audioPlay":false,"sceneViewState":{"showFog":true,"showMaterialUpdate":true,"showSkybox":false,"showFlares":true,"showImageEffects":true,"showParticleSystems":true},"in2DMode":false,"pivot":{"x":-1.1443099975585938,"y":0.2723304331302643,"z":9.510449409484864},"rotation":{"x":-0.15404029190540315,"y":-0.7365112900733948,"z":0.18194566667079926,"w":-0.6337127685546875},"size":0.5201340317726135,"orthographic":false}