{"cameraMode":{"drawMode":0,"name":"Shaded","section":"Shading Mode"},"sceneLighting":false,"audioPlay":false,"sceneViewState":{"showFog":true,"showMaterialUpdate":true,"showSkybox":false,"showFlares":true,"showImageEffects":true,"showParticleSystems":true},"in2DMode":false,"pivot":{"x":0.270720511674881,"y":1.3268123865127564,"z":-7.088715553283691},"rotation":{"x":0.04048626869916916,"y":0.014086450450122357,"z":-0.000572318967897445,"w":0.9991095066070557},"size":1.4227280616760255,"orthographic":false}