{"cameraMode":{"drawMode":0,"name":"Shaded","section":"Shading Mode"},"sceneLighting":true,"audioPlay":false,"sceneViewState":{"showFog":true,"showMaterialUpdate":true,"showSkybox":true,"showFlares":true,"showImageEffects":true,"showParticleSystems":true},"in2DMode":false,"pivot":{"x":42.74557876586914,"y":-7.563526153564453,"z":53.33640670776367},"rotation":{"x":-0.16005495190620423,"y":0.6506283283233643,"z":-0.14298975467681886,"w":-0.7284776568412781},"size":22.0,"orthographic":false}