{"cameraMode":{"drawMode":0,"name":"Shaded","section":"Shading Mode"},"sceneLighting":false,"audioPlay":false,"sceneViewState":{"showFog":true,"showMaterialUpdate":true,"showSkybox":false,"showFlares":true,"showImageEffects":true,"showParticleSystems":true},"in2DMode":false,"pivot":{"x":0.06415227055549622,"y":0.9815097451210022,"z":-5.32839298248291},"rotation":{"x":0.5127938985824585,"y":0.13185560703277589,"z":-0.0808819830417633,"w":0.8447234034538269},"size":3.6459085941314699,"orthographic":false}