{"cameraMode":{"drawMode":0,"name":"Shaded","section":"Shading Mode"},"sceneLighting":true,"audioPlay":false,"sceneViewState":{"showFog":true,"showMaterialUpdate":true,"showSkybox":true,"showFlares":true,"showImageEffects":true,"showParticleSystems":true},"in2DMode":false,"pivot":{"x":-4.961574554443359,"y":2.727567434310913,"z":-11.369755744934082},"rotation":{"x":0.13538238406181336,"y":-0.21161217987537385,"z":0.03063288889825344,"w":0.9677835702896118},"size":12.85527229309082,"orthographic":false}