{"cameraMode":{"drawMode":0,"name":"Shaded","section":"Shading Mode"},"sceneLighting":false,"audioPlay":false,"sceneViewState":{"showFog":true,"showMaterialUpdate":true,"showSkybox":false,"showFlares":true,"showImageEffects":true,"showParticleSystems":true},"in2DMode":false,"pivot":{"x":1.191897988319397,"y":1.1041499376296998,"z":4.813266754150391},"rotation":{"x":-0.22517842054367066,"y":-0.0011007953435182572,"z":0.0002813656465150416,"w":-0.9744215607643127},"size":4.939925193786621,"orthographic":false}