{"cameraMode":{"drawMode":0,"name":"Shaded","section":"Shading Mode"},"sceneLighting":false,"audioPlay":false,"sceneViewState":{"showFog":true,"showMaterialUpdate":true,"showSkybox":false,"showFlares":true,"showImageEffects":true,"showParticleSystems":true},"in2DMode":false,"pivot":{"x":-0.2963295578956604,"y":1.2381582260131837,"z":0.7659468650817871},"rotation":{"x":0.19649866223335267,"y":0.04615350440144539,"z":-0.009279940277338028,"w":0.9794180393218994},"size":2.8578836917877199,"orthographic":false}