{"cameraMode":{"drawMode":0,"name":"Shaded","section":"Shading Mode"},"sceneLighting":true,"audioPlay":false,"sceneViewState":{"showFog":true,"showMaterialUpdate":true,"showSkybox":true,"showFlares":true,"showImageEffects":true,"showParticleSystems":true},"in2DMode":false,"pivot":{"x":-2.537803888320923,"y":0.06383585929870606,"z":-3.4084208011627199},"rotation":{"x":0.13027024269104005,"y":-0.01475327368825674,"z":-0.0019390876404941083,"w":0.9921171069145203},"size":1.829938292503357,"orthographic":false}