{"cameraMode":{"drawMode":0,"name":"Shaded","section":"Shading Mode"},"sceneLighting":true,"audioPlay":false,"sceneViewState":{"showFog":true,"showMaterialUpdate":true,"showSkybox":true,"showFlares":true,"showImageEffects":true,"showParticleSystems":true},"in2DMode":false,"pivot":{"x":4.692227363586426,"y":-3.307213068008423,"z":-0.974156379699707},"rotation":{"x":0.2319287359714508,"y":0.3835972249507904,"z":-0.09866510331630707,"w":0.8887985348701477},"size":12.85527229309082,"orthographic":false}