{"cameraMode":{"drawMode":0,"name":"Shaded","section":"Shading Mode"},"sceneLighting":true,"audioPlay":false,"sceneViewState":{"showFog":true,"showMaterialUpdate":true,"showSkybox":true,"showFlares":true,"showImageEffects":true,"showParticleSystems":true},"in2DMode":false,"pivot":{"x":0.4347023069858551,"y":2.4688665866851808,"z":-13.704407691955567},"rotation":{"x":-0.05075519159436226,"y":-0.09392307698726654,"z":0.0047918385826051239,"w":-0.9943255186080933},"size":1.4067151546478272,"orthographic":false}