{"cameraMode":{"drawMode":0,"name":"Shaded","section":"Shading Mode"},"sceneLighting":false,"audioPlay":false,"sceneViewState":{"showFog":true,"showMaterialUpdate":true,"showSkybox":false,"showFlares":true,"showImageEffects":true,"showParticleSystems":true},"in2DMode":false,"pivot":{"x":-118.73838806152344,"y":71.7264633178711,"z":122.93257141113281},"rotation":{"x":-0.12783993780612946,"y":-0.8452800512313843,"z":0.23785777390003205,"w":-0.46202877163887026},"size":0.5201340317726135,"orthographic":false}