{"cameraMode":{"drawMode":0,"name":"Shaded","section":"Shading Mode"},"sceneLighting":false,"audioPlay":false,"sceneViewState":{"showFog":true,"showMaterialUpdate":true,"showSkybox":false,"showFlares":true,"showImageEffects":true,"showParticleSystems":true},"in2DMode":false,"pivot":{"x":-1.9965262413024903,"y":-0.7695760726928711,"z":-4.79986572265625},"rotation":{"x":0.18655794858932496,"y":-0.30592066049575808,"z":0.059818852692842486,"w":0.9321355223655701},"size":12.456299781799317,"orthographic":false}