{"cameraMode":{"drawMode":0,"name":"Shaded","section":"Shading Mode"},"sceneLighting":true,"audioPlay":false,"sceneViewState":{"showFog":true,"showMaterialUpdate":true,"showSkybox":true,"showFlares":true,"showImageEffects":true,"showParticleSystems":true},"in2DMode":false,"pivot":{"x":2.4670817852020265,"y":-0.5931129455566406,"z":30.40220832824707},"rotation":{"x":-0.02970883809030056,"y":-0.02234809659421444,"z":0.0001755242992658168,"w":-0.9995253682136536},"size":39.00495147705078,"orthographic":false}