{"cameraMode":{"drawMode":0,"name":"Shaded","section":"Shading Mode"},"sceneLighting":true,"audioPlay":false,"sceneViewState":{"showFog":true,"showMaterialUpdate":true,"showSkybox":true,"showFlares":true,"showImageEffects":true,"showParticleSystems":true},"in2DMode":false,"pivot":{"x":-1.2028381824493409,"y":-8.792811393737793,"z":4.963613510131836},"rotation":{"x":-0.29017868638038638,"y":-0.03609359264373779,"z":0.011009310372173787,"w":-0.9563260674476624},"size":22.943445205688478,"orthographic":false}