{"cameraMode":{"drawMode":0,"name":"Shaded","section":"Shading Mode"},"sceneLighting":false,"audioPlay":false,"sceneViewState":{"showFog":true,"showMaterialUpdate":true,"showSkybox":false,"showFlares":true,"showImageEffects":true,"showParticleSystems":true},"in2DMode":false,"pivot":{"x":0.0731726884841919,"y":-0.1864822506904602,"z":1.3316175937652588},"rotation":{"x":-0.12145418673753739,"y":-0.8105341196060181,"z":0.18447761237621308,"w":-0.5432503819465637},"size":1.8053231239318848,"orthographic":false}