{"cameraMode":{"drawMode":0,"name":"Shaded","section":"Shading Mode"},"sceneLighting":false,"audioPlay":false,"sceneViewState":{"showFog":true,"showMaterialUpdate":true,"showSkybox":false,"showFlares":true,"showImageEffects":true,"showParticleSystems":true},"in2DMode":false,"pivot":{"x":80.91361999511719,"y":-0.774234414100647,"z":44.367210388183597},"rotation":{"x":0.2564903199672699,"y":-0.03672143816947937,"z":0.010728887282311917,"w":0.9662361145019531},"size":4.9399189949035648,"orthographic":false}