{"cameraMode":{"drawMode":0,"name":"Shaded","section":"Shading Mode"},"sceneLighting":true,"audioPlay":false,"sceneViewState":{"showFog":true,"showMaterialUpdate":true,"showSkybox":true,"showFlares":true,"showImageEffects":true,"showParticleSystems":true},"in2DMode":false,"pivot":{"x":-2.505530595779419,"y":-0.41702985763549807,"z":-8.049415588378907},"rotation":{"x":-0.49012935161590578,"y":-0.007193926256150007,"z":0.005107109900563955,"w":-0.8719441890716553},"size":5.34222412109375,"orthographic":false}