{"cameraMode":{"drawMode":0,"name":"Shaded","section":"Shading Mode"},"sceneLighting":false,"audioPlay":false,"sceneViewState":{"showFog":true,"showMaterialUpdate":true,"showSkybox":false,"showFlares":true,"showImageEffects":true,"showParticleSystems":true},"in2DMode":false,"pivot":{"x":0.1643829047679901,"y":0.24017155170440675,"z":0.16831767559051515},"rotation":{"x":0.007045126985758543,"y":-0.11292769759893418,"z":0.0008654927951283753,"w":-0.9940064549446106},"size":1.8053231239318848,"orthographic":false}