{"cameraMode":{"drawMode":0,"name":"Shaded","section":"Shading Mode"},"sceneLighting":true,"audioPlay":false,"sceneViewState":{"showFog":true,"showMaterialUpdate":true,"showSkybox":true,"showFlares":true,"showImageEffects":true,"showParticleSystems":true},"in2DMode":false,"pivot":{"x":97.47071075439453,"y":1.1699579954147339,"z":48.73284912109375},"rotation":{"x":0.09517954289913178,"y":-0.7554275989532471,"z":0.11368643492460251,"w":0.6384098529815674},"size":1.9364664554595948,"orthographic":false}