{"cameraMode":{"drawMode":0,"name":"Shaded","section":"Shading Mode"},"sceneLighting":false,"audioPlay":false,"sceneViewState":{"showFog":true,"showMaterialUpdate":true,"showSkybox":false,"showFlares":true,"showImageEffects":true,"showParticleSystems":true},"in2DMode":false,"pivot":{"x":1.474107265472412,"y":-0.27726906538009646,"z":0.746064305305481},"rotation":{"x":-0.12458984553813935,"y":-0.49237385392189028,"z":0.07253064215183258,"w":-0.8588785529136658},"size":2.516731023788452,"orthographic":false}