{"cameraMode":{"drawMode":0,"name":"Shaded","section":"Shading Mode"},"sceneLighting":true,"audioPlay":false,"sceneViewState":{"showFog":true,"showMaterialUpdate":true,"showSkybox":true,"showFlares":true,"showImageEffects":true,"showParticleSystems":true},"in2DMode":false,"pivot":{"x":16.265642166137697,"y":3.4065685272216799,"z":1.8504815101623536},"rotation":{"x":0.029786566272377969,"y":-0.9625447392463684,"z":0.11873350292444229,"w":0.24252845346927644},"size":4.068375110626221,"orthographic":false}