{"cameraMode":{"drawMode":0,"name":"Shaded","section":"Shading Mode"},"sceneLighting":true,"audioPlay":false,"sceneViewState":{"showFog":true,"showMaterialUpdate":true,"showSkybox":true,"showFlares":true,"showImageEffects":true,"showParticleSystems":true},"in2DMode":false,"pivot":{"x":0.1591450572013855,"y":-5.860071182250977,"z":0.5418834686279297},"rotation":{"x":-0.21786268055438996,"y":0.0012406406458467246,"z":-0.0002242858026875183,"w":-0.9760764837265015},"size":22.943445205688478,"orthographic":false}