{"cameraMode":{"drawMode":0,"name":"Shaded","section":"Shading Mode"},"sceneLighting":true,"audioPlay":false,"sceneViewState":{"showFog":true,"showMaterialUpdate":true,"showSkybox":true,"showFlares":true,"showImageEffects":true,"showParticleSystems":true},"in2DMode":false,"pivot":{"x":97.39131164550781,"y":1.154175877571106,"z":48.977970123291019},"rotation":{"x":0.1569182425737381,"y":-0.664115846157074,"z":0.14645077288150788,"w":0.7163107395172119},"size":1.9364664554595948,"orthographic":false}