{"cameraMode":{"drawMode":0,"name":"Shaded","section":"Shading Mode"},"sceneLighting":false,"audioPlay":false,"sceneViewState":{"showFog":true,"showMaterialUpdate":true,"showSkybox":false,"showFlares":true,"showImageEffects":true,"showParticleSystems":true},"in2DMode":false,"pivot":{"x":-0.7959752082824707,"y":0.11402392387390137,"z":1.6624534130096436},"rotation":{"x":-0.08936306089162827,"y":-0.8840938210487366,"z":0.19394813477993012,"w":-0.4167114198207855},"size":1.2053232192993165,"orthographic":false}