{"cameraMode":{"drawMode":0,"name":"Shaded","section":"Shading Mode"},"sceneLighting":false,"audioPlay":false,"sceneViewState":{"showFog":true,"showMaterialUpdate":true,"showSkybox":true,"showFlares":true,"showImageEffects":true,"showParticleSystems":true},"in2DMode":false,"pivot":{"x":0.38587358593940737,"y":0.9396216869354248,"z":0.2638813853263855},"rotation":{"x":0.1502646803855896,"y":-0.09270305186510086,"z":0.014130610041320324,"w":0.9842320680618286},"size":2.8578836917877199,"orthographic":false}