{"cameraMode":{"drawMode":0,"name":"Shaded","section":"Shading Mode"},"sceneLighting":false,"audioPlay":false,"sceneViewState":{"showFog":true,"showMaterialUpdate":true,"showSkybox":false,"showFlares":true,"showImageEffects":true,"showParticleSystems":true},"in2DMode":false,"pivot":{"x":17.61752700805664,"y":1.7749309539794922,"z":16.008182525634767},"rotation":{"x":0.031166361644864084,"y":-0.9355441331863403,"z":0.08750247955322266,"w":0.3413418233394623},"size":2.8578836917877199,"orthographic":false}