{"cameraMode":{"drawMode":0,"name":"Shaded","section":"Shading Mode"},"sceneLighting":false,"audioPlay":false,"sceneViewState":{"showFog":true,"showMaterialUpdate":true,"showSkybox":false,"showFlares":true,"showImageEffects":true,"showParticleSystems":true},"in2DMode":false,"pivot":{"x":0.18000000715255738,"y":5.210000038146973,"z":-1.4700000286102296},"rotation":{"x":-0.3547426760196686,"y":0.10019993036985398,"z":-0.03926582261919975,"w":-0.929175078868866},"size":22.0,"orthographic":false}