{"cameraMode":{"drawMode":0,"name":"Shaded","section":"Shading Mode"},"sceneLighting":false,"audioPlay":false,"sceneViewState":{"showFog":true,"showMaterialUpdate":true,"showSkybox":false,"showFlares":true,"showImageEffects":true,"showParticleSystems":true},"in2DMode":false,"pivot":{"x":28.29733657836914,"y":0.7287063002586365,"z":23.534116744995118},"rotation":{"x":0.16348159313201905,"y":-0.8358636498451233,"z":0.3884168267250061,"w":0.3518195152282715},"size":147.68878173828126,"orthographic":false}