{"cameraMode":{"drawMode":0,"name":"Shaded","section":"Shading Mode"},"sceneLighting":false,"audioPlay":false,"sceneViewState":{"showFog":true,"showMaterialUpdate":true,"showSkybox":false,"showFlares":true,"showImageEffects":true,"showParticleSystems":true},"in2DMode":false,"pivot":{"x":79.91593933105469,"y":0.4166383445262909,"z":44.680694580078128},"rotation":{"x":0.12731020152568818,"y":-0.13855785131454469,"z":0.01890699751675129,"w":0.982394278049469},"size":4.9399189949035648,"orthographic":false}