{"cameraMode":{"drawMode":0,"name":"Shaded","section":"Shading Mode"},"sceneLighting":false,"audioPlay":false,"sceneViewState":{"showFog":true,"showMaterialUpdate":true,"showSkybox":false,"showFlares":true,"showImageEffects":true,"showParticleSystems":true},"in2DMode":false,"pivot":{"x":-4.388926982879639,"y":-1.1792590618133546,"z":-4.6828293800354},"rotation":{"x":0.11212540417909622,"y":-0.5491588115692139,"z":0.07293996959924698,"w":0.8254572153091431},"size":12.456299781799317,"orthographic":false}