{"cameraMode":{"drawMode":0,"name":"Shaded","section":"Shading Mode"},"sceneLighting":false,"audioPlay":false,"sceneViewState":{"showFog":true,"showMaterialUpdate":true,"showSkybox":false,"showFlares":true,"showImageEffects":true,"showParticleSystems":true},"in2DMode":false,"pivot":{"x":0.2064431756734848,"y":1.3036210536956788,"z":-7.626059532165527},"rotation":{"x":0.07200735807418823,"y":-0.6929289102554321,"z":0.06987021863460541,"w":0.7140287756919861},"size":1.4227280616760255,"orthographic":false}