{"cameraMode":{"drawMode":0,"name":"Shaded","section":"Shading Mode"},"sceneLighting":true,"audioPlay":false,"sceneViewState":{"showFog":true,"showMaterialUpdate":true,"showSkybox":true,"showFlares":true,"showImageEffects":true,"showParticleSystems":true},"in2DMode":false,"pivot":{"x":-51.11194610595703,"y":-1.7868151664733887,"z":38.1407356262207},"rotation":{"x":-0.03733466938138008,"y":0.4187069535255432,"z":-0.01717420481145382,"w":-0.907302975654602},"size":71.98826599121094,"orthographic":false}