{"cameraMode":{"drawMode":0,"name":"Shaded","section":"Shading Mode"},"sceneLighting":false,"audioPlay":false,"sceneViewState":{"showFog":true,"showMaterialUpdate":true,"showSkybox":false,"showFlares":true,"showImageEffects":true,"showParticleSystems":true},"in2DMode":false,"pivot":{"x":0.19588971138000489,"y":0.37472856044769289,"z":0.2563546895980835},"rotation":{"x":0.24218741059303285,"y":-0.31951993703842165,"z":0.08481260389089585,"w":0.9122203588485718},"size":2.8578836917877199,"orthographic":false}