{"cameraMode":{"drawMode":0,"name":"Shaded","section":"Shading Mode"},"sceneLighting":true,"audioPlay":false,"sceneViewState":{"showFog":true,"showMaterialUpdate":true,"showSkybox":true,"showFlares":true,"showImageEffects":true,"showParticleSystems":true},"in2DMode":false,"pivot":{"x":3.8354430198669435,"y":3.401482343673706,"z":-3.4888038635253908},"rotation":{"x":-0.17349174618721009,"y":-0.3403928875923157,"z":0.06405068188905716,"w":-0.9219616651535034},"size":7.470535755157471,"orthographic":false}