{"cameraMode":{"drawMode":0,"name":"Shaded","section":"Shading Mode"},"sceneLighting":false,"audioPlay":false,"sceneViewState":{"showFog":true,"showMaterialUpdate":true,"showSkybox":false,"showFlares":true,"showImageEffects":true,"showParticleSystems":true},"in2DMode":false,"pivot":{"x":0.07898557186126709,"y":0.5492074489593506,"z":0.2790459394454956},"rotation":{"x":0.20944881439208985,"y":-0.3360193371772766,"z":0.07688930630683899,"w":0.9150941967964172},"size":2.8578836917877199,"orthographic":false}