{"cameraMode":{"drawMode":0,"name":"Shaded","section":"Shading Mode"},"sceneLighting":false,"audioPlay":false,"sceneViewState":{"showFog":true,"showMaterialUpdate":true,"showSkybox":false,"showFlares":true,"showImageEffects":true,"showParticleSystems":true},"in2DMode":false,"pivot":{"x":1.3405786752700806,"y":0.40032094717025759,"z":1.8417853116989136},"rotation":{"x":0.1483777016401291,"y":-0.07622364163398743,"z":0.009111039340496064,"w":0.986555814743042},"size":2.8777201175689699,"orthographic":false}