{"cameraMode":{"drawMode":0,"name":"Shaded","section":"Shading Mode"},"sceneLighting":true,"audioPlay":false,"sceneViewState":{"showFog":true,"showMaterialUpdate":true,"showSkybox":true,"showFlares":true,"showImageEffects":true,"showParticleSystems":true},"in2DMode":false,"pivot":{"x":220.07525634765626,"y":91.21748352050781,"z":605.1346435546875},"rotation":{"x":-0.05663420632481575,"y":0.02789631113409996,"z":-0.0028330327477306129,"w":-0.9984004497528076},"size":1222.6497802734375,"orthographic":false}