{"cameraMode":{"drawMode":0,"name":"Shaded","section":"Shading Mode"},"sceneLighting":false,"audioPlay":false,"sceneViewState":{"showFog":true,"showMaterialUpdate":true,"showSkybox":false,"showFlares":true,"showImageEffects":true,"showParticleSystems":true},"in2DMode":false,"pivot":{"x":-1.265356421470642,"y":2.7860608100891115,"z":51.882999420166019},"rotation":{"x":-0.03650333732366562,"y":-0.9177841544151306,"z":0.387216717004776,"w":-0.08485078811645508},"size":0.00005715767838410102,"orthographic":false}