{"cameraMode":{"drawMode":0,"name":"Shaded","section":"Shading Mode"},"sceneLighting":false,"audioPlay":false,"sceneViewState":{"showFog":true,"showMaterialUpdate":true,"showSkybox":false,"showFlares":true,"showImageEffects":true,"showParticleSystems":true},"in2DMode":false,"pivot":{"x":0.8140892386436462,"y":-0.18585002422332765,"z":-3.8255958557128908},"rotation":{"x":-0.11139662563800812,"y":0.5540030002593994,"z":-0.07615485042333603,"w":-0.8219558000564575},"size":4.887071132659912,"orthographic":false}