{"cameraMode":{"drawMode":0,"name":"Shaded","section":"Shading Mode"},"sceneLighting":true,"audioPlay":false,"sceneViewState":{"showFog":true,"showMaterialUpdate":true,"showSkybox":true,"showFlares":true,"showImageEffects":true,"showParticleSystems":true},"in2DMode":false,"pivot":{"x":-0.10731351375579834,"y":-0.06671810150146485,"z":-2.4175801277160646},"rotation":{"x":0.16093872487545014,"y":-0.1187443807721138,"z":0.01814652606844902,"w":0.9800587892532349},"size":6.526522159576416,"orthographic":false}