{"cameraMode":{"drawMode":0,"name":"Shaded","section":"Shading Mode"},"sceneLighting":true,"audioPlay":false,"sceneViewState":{"showFog":true,"showMaterialUpdate":true,"showSkybox":true,"showFlares":true,"showImageEffects":true,"showParticleSystems":true},"in2DMode":false,"pivot":{"x":-1.5583211183547974,"y":-0.5192089676856995,"z":-3.0440287590026857},"rotation":{"x":0.12104447931051254,"y":-0.3003617525100708,"z":0.03433886170387268,"w":0.9462776184082031},"size":1.829938292503357,"orthographic":false}