{"cameraMode":{"drawMode":0,"name":"Shaded","section":"Shading Mode"},"sceneLighting":true,"audioPlay":false,"sceneViewState":{"showFog":true,"showMaterialUpdate":true,"showSkybox":true,"showFlares":true,"showImageEffects":true,"showParticleSystems":true},"in2DMode":false,"pivot":{"x":-6.470599174499512,"y":-8.234155654907227,"z":12.980463027954102},"rotation":{"x":-0.2451096475124359,"y":-0.049053821712732318,"z":0.011214262805879116,"w":-0.9685771465301514},"size":22.0,"orthographic":false}