{"cameraMode":{"drawMode":0,"name":"Shaded","section":"Shading Mode"},"sceneLighting":true,"audioPlay":false,"sceneViewState":{"showFog":true,"showMaterialUpdate":true,"showSkybox":true,"showFlares":true,"showImageEffects":true,"showParticleSystems":true},"in2DMode":false,"pivot":{"x":7.009250164031982,"y":-6.298020839691162,"z":5.7831268310546879},"rotation":{"x":-0.21885760128498078,"y":-0.09782716631889343,"z":0.021738337352871896,"w":-0.9707997441291809},"size":24.552051544189454,"orthographic":false}