{"cameraMode":{"drawMode":0,"name":"Shaded","section":"Shading Mode"},"sceneLighting":false,"audioPlay":false,"sceneViewState":{"showFog":true,"showMaterialUpdate":true,"showSkybox":false,"showFlares":true,"showImageEffects":true,"showParticleSystems":true},"in2DMode":false,"pivot":{"x":327.3800964355469,"y":227.25001525878907,"z":-1.7773377895355225},"rotation":{"x":-0.12233144044876099,"y":-0.04437620937824249,"z":0.005319151561707258,"w":-0.9919294714927673},"size":1327.59716796875,"orthographic":false}