{"cameraMode":{"drawMode":0,"name":"Shaded","section":"Shading Mode"},"sceneLighting":false,"audioPlay":false,"sceneViewState":{"showFog":true,"showMaterialUpdate":true,"showSkybox":false,"showFlares":true,"showImageEffects":true,"showParticleSystems":true},"in2DMode":false,"pivot":{"x":-10.795952796936036,"y":-3.306941270828247,"z":-3.364912986755371},"rotation":{"x":0.09685991704463959,"y":-0.6345442533493042,"z":0.07875378429889679,"w":0.7633082866668701},"size":22.0,"orthographic":false}