{"cameraMode":{"drawMode":0,"name":"Shaded","section":"Shading Mode"},"sceneLighting":true,"audioPlay":false,"sceneViewState":{"showFog":true,"showMaterialUpdate":true,"showSkybox":true,"showFlares":true,"showImageEffects":true,"showParticleSystems":true},"in2DMode":false,"pivot":{"x":1.5006985664367676,"y":-0.10338413715362549,"z":-2.548067092895508},"rotation":{"x":0.15145041048526765,"y":0.032061200588941577,"z":-0.006384680978953838,"w":0.9883489608764648},"size":6.526522159576416,"orthographic":false}