{"cameraMode":{"drawMode":0,"name":"Shaded","section":"Shading Mode"},"sceneLighting":false,"audioPlay":false,"sceneViewState":{"showFog":true,"showMaterialUpdate":true,"showSkybox":false,"showFlares":true,"showImageEffects":true,"showParticleSystems":true},"in2DMode":false,"pivot":{"x":-0.5025806427001953,"y":0.8470728397369385,"z":0.578472912311554},"rotation":{"x":-0.06864962726831436,"y":0.5277884602546692,"z":-0.04283270984888077,"w":-0.8455819487571716},"size":2.8578836917877199,"orthographic":false}