{"cameraMode":{"drawMode":0,"name":"Shaded","section":"Shading Mode"},"sceneLighting":false,"audioPlay":false,"sceneViewState":{"showFog":true,"showMaterialUpdate":true,"showSkybox":false,"showFlares":true,"showImageEffects":true,"showParticleSystems":true},"in2DMode":false,"pivot":{"x":-13.328974723815918,"y":0.8480669856071472,"z":-9.426739692687989},"rotation":{"x":-0.04097411409020424,"y":0.7055016160011292,"z":-0.04130660369992256,"w":-0.70658940076828},"size":19.372089385986329,"orthographic":false}