{"cameraMode":{"drawMode":0,"name":"Shaded","section":"Shading Mode"},"sceneLighting":false,"audioPlay":false,"sceneViewState":{"showFog":true,"showMaterialUpdate":true,"showSkybox":false,"showFlares":true,"showImageEffects":true,"showParticleSystems":true},"in2DMode":false,"pivot":{"x":-4.417356967926025,"y":0.0525590181350708,"z":-0.3754178285598755},"rotation":{"x":-0.07840669900178909,"y":0.7592360973358154,"z":-0.09130524098873139,"w":-0.6400555968284607},"size":5.680133819580078,"orthographic":false}