{"cameraMode":{"drawMode":0,"name":"Shaded","section":"Shading Mode"},"sceneLighting":true,"audioPlay":false,"sceneViewState":{"showFog":true,"showMaterialUpdate":true,"showSkybox":true,"showFlares":true,"showImageEffects":true,"showParticleSystems":true},"in2DMode":false,"pivot":{"x":-2.981428623199463,"y":-7.1518988609313969,"z":16.957015991210939},"rotation":{"x":-0.16802626848220826,"y":0.0682806447148323,"z":-0.01222965307533741,"w":-0.9837647080421448},"size":26.72885513305664,"orthographic":false}