{"cameraMode":{"drawMode":0,"name":"Shaded","section":"Shading Mode"},"sceneLighting":true,"audioPlay":false,"sceneViewState":{"showFog":true,"showMaterialUpdate":true,"showSkybox":true,"showFlares":true,"showImageEffects":true,"showParticleSystems":true},"in2DMode":false,"pivot":{"x":52.481380462646487,"y":-7.732361793518066,"z":38.47414016723633},"rotation":{"x":-0.2279277741909027,"y":-0.6130725145339966,"z":0.19080975651741029,"w":-0.7320347428321838},"size":22.0,"orthographic":false}