{"cameraMode":{"drawMode":0,"name":"Shaded","section":"Shading Mode"},"sceneLighting":true,"audioPlay":false,"sceneViewState":{"showFog":true,"showMaterialUpdate":true,"showSkybox":true,"showFlares":true,"showImageEffects":true,"showParticleSystems":true},"in2DMode":false,"pivot":{"x":55.54087829589844,"y":-4.925295352935791,"z":52.180721282958987},"rotation":{"x":-0.006292776204645634,"y":0.9689211845397949,"z":-0.2464122772216797,"w":-0.029623162001371385},"size":13.165915489196778,"orthographic":false}