{"cameraMode":{"drawMode":0,"name":"Shaded","section":"Shading Mode"},"sceneLighting":false,"audioPlay":false,"sceneViewState":{"showFog":true,"showMaterialUpdate":true,"showSkybox":false,"showFlares":true,"showImageEffects":true,"showParticleSystems":true},"in2DMode":false,"pivot":{"x":6.439495086669922,"y":1.5118865966796876,"z":-0.8299388885498047},"rotation":{"x":-0.09226255863904953,"y":0.5452879071235657,"z":-0.06080934777855873,"w":-0.8311753869056702},"size":0.0000587330614507664,"orthographic":false}