{"cameraMode":{"drawMode":0,"name":"Shaded","section":"Shading Mode"},"sceneLighting":false,"audioPlay":false,"sceneViewState":{"showFog":true,"showMaterialUpdate":true,"showSkybox":false,"showFlares":true,"showImageEffects":true,"showParticleSystems":true},"in2DMode":false,"pivot":{"x":-10.708102226257325,"y":1.1541498899459839,"z":-0.6767333745956421},"rotation":{"x":-0.28800565004348757,"y":0.3224666118621826,"z":-0.10560117661952973,"w":-0.8957545161247253},"size":4.939927577972412,"orthographic":false}