{"cameraMode":{"drawMode":0,"name":"Shaded","section":"Shading Mode"},"sceneLighting":true,"audioPlay":false,"sceneViewState":{"showFog":true,"showMaterialUpdate":true,"showSkybox":true,"showFlares":true,"showImageEffects":true,"showParticleSystems":true},"in2DMode":false,"pivot":{"x":0.15997512638568879,"y":1.3884533643722535,"z":-2.1959755420684816},"rotation":{"x":-0.13171365857124329,"y":-0.07768015563488007,"z":0.012167055159807206,"w":-0.9885465502738953},"size":0.8503817915916443,"orthographic":false}