{"cameraMode":{"drawMode":0,"name":"Shaded","section":"Shading Mode"},"sceneLighting":true,"audioPlay":false,"sceneViewState":{"showFog":true,"showMaterialUpdate":true,"showSkybox":true,"showFlares":true,"showImageEffects":true,"showParticleSystems":true},"in2DMode":false,"pivot":{"x":-13.499052047729493,"y":-10.077197074890137,"z":5.020969867706299},"rotation":{"x":-0.20209576189517976,"y":0.6110658049583435,"z":-0.16703101992607118,"w":-0.7473192811012268},"size":23.334524154663087,"orthographic":false}