{"cameraMode":{"drawMode":0,"name":"Shaded","section":"Shading Mode"},"sceneLighting":false,"audioPlay":false,"sceneViewState":{"showFog":true,"showMaterialUpdate":true,"showSkybox":false,"showFlares":true,"showImageEffects":true,"showParticleSystems":true},"in2DMode":false,"pivot":{"x":-1.0288041830062867,"y":-0.0303939338773489,"z":-4.431293487548828},"rotation":{"x":0.14690276980400086,"y":-0.3146384358406067,"z":0.04801870882511139,"w":0.9370126128196716},"size":5.680134296417236,"orthographic":false}