{"cameraMode":{"drawMode":0,"name":"Shaded","section":"Shading Mode"},"sceneLighting":true,"audioPlay":false,"sceneViewState":{"showFog":true,"showMaterialUpdate":true,"showSkybox":true,"showFlares":true,"showImageEffects":true,"showParticleSystems":true},"in2DMode":false,"pivot":{"x":46.82889175415039,"y":0.7408738136291504,"z":37.231651306152347},"rotation":{"x":-0.03185266628861427,"y":0.9426774978637695,"z":-0.0954648107290268,"w":-0.3184345066547394},"size":4.1039533615112309,"orthographic":false}