{"cameraMode":{"drawMode":0,"name":"Shaded","section":"Shading Mode"},"sceneLighting":false,"audioPlay":false,"sceneViewState":{"showFog":true,"showMaterialUpdate":false,"showSkybox":true,"showFlares":true,"showImageEffects":true,"showParticleSystems":true},"in2DMode":false,"pivot":{"x":-2.490000009536743,"y":0.3500000238418579,"z":-3.697999954223633},"rotation":{"x":-0.02995111048221588,"y":-0.010699394159018994,"z":-0.00032104674028232694,"w":0.9994940757751465},"size":1.4289418458938599,"orthographic":false}