{"cameraMode":{"drawMode":0,"name":"Shaded","section":"Shading Mode"},"sceneLighting":false,"audioPlay":false,"sceneViewState":{"showFog":true,"showMaterialUpdate":false,"showSkybox":true,"showFlares":true,"showImageEffects":true,"showParticleSystems":true},"in2DMode":false,"pivot":{"x":1.53780996799469,"y":-1.4089417457580567,"z":-4.131786823272705},"rotation":{"x":-0.09106248617172241,"y":-0.012521805241703987,"z":-0.003840790828689933,"w":-0.9957590699195862},"size":2.931103229522705,"orthographic":false}