{"cameraMode":{"drawMode":0,"name":"Shaded","section":"Shading Mode"},"sceneLighting":true,"audioPlay":false,"sceneViewState":{"showFog":true,"showMaterialUpdate":false,"showSkybox":true,"showFlares":true,"showImageEffects":true,"showParticleSystems":true},"in2DMode":false,"pivot":{"x":3.4964282512664797,"y":-1.4794800281524659,"z":15.067063331604004},"rotation":{"x":0.14001162350177766,"y":0.17892658710479737,"z":-0.02573169581592083,"w":0.9735091328620911},"size":13.130270957946778,"orthographic":false}