{"cameraMode":{"drawMode":0,"name":"Shaded","section":"Shading Mode"},"sceneLighting":true,"audioPlay":false,"sceneViewState":{"showFog":true,"showMaterialUpdate":true,"showSkybox":true,"showFlares":true,"showImageEffects":true,"showParticleSystems":true},"in2DMode":false,"pivot":{"x":200.82009887695313,"y":477.79071044921877,"z":-388.54974365234377},"rotation":{"x":-0.06801296770572663,"y":-0.03621062636375427,"z":0.0024702611844986679,"w":-0.9970303177833557},"size":10.0,"orthographic":false}