{"cameraMode":{"drawMode":0,"name":"Shaded","section":"Shading Mode"},"sceneLighting":false,"audioPlay":false,"sceneViewState":{"showFog":true,"showMaterialUpdate":true,"showSkybox":false,"showFlares":true,"showImageEffects":true,"showParticleSystems":true},"in2DMode":false,"pivot":{"x":-2.319415807723999,"y":-1.3497428894042969,"z":-0.8337262868881226},"rotation":{"x":-0.1407339870929718,"y":0.07476963102817536,"z":-0.0106594767421484,"w":-0.9871639013290405},"size":3.3203141689300539,"orthographic":false}