{"cameraMode":{"drawMode":0,"name":"Shaded","section":"Shading Mode"},"sceneLighting":true,"audioPlay":false,"sceneViewState":{"showFog":true,"showMaterialUpdate":false,"showSkybox":true,"showFlares":true,"showImageEffects":true,"showParticleSystems":true},"in2DMode":false,"pivot":{"x":0.5588805675506592,"y":1.271623134613037,"z":0.6975703239440918},"rotation":{"x":-0.33150917291641238,"y":-0.27687013149261477,"z":0.10242827981710434,"w":-0.896076500415802},"size":8.835418701171875,"orthographic":false}