{"cameraMode":{"drawMode":0,"name":"Shaded","section":"Shading Mode"},"sceneLighting":true,"audioPlay":false,"sceneViewState":{"showFog":true,"showMaterialUpdate":false,"showSkybox":true,"showFlares":true,"showImageEffects":true,"showParticleSystems":true},"in2DMode":false,"pivot":{"x":-375.134033203125,"y":54.27841567993164,"z":-348.379638671875},"rotation":{"x":0.01164078339934349,"y":-0.12571187317371369,"z":-0.006479873321950436,"w":-0.991977334022522},"size":27.39338493347168,"orthographic":false}