{"cameraMode":{"drawMode":0,"name":"Shaded","section":"Shading Mode"},"sceneLighting":false,"audioPlay":false,"sceneViewState":{"showFog":true,"showMaterialUpdate":false,"showSkybox":true,"showFlares":true,"showImageEffects":true,"showParticleSystems":true},"in2DMode":false,"pivot":{"x":-2.651468515396118,"y":-2.9536664485931398,"z":1.2172095775604249},"rotation":{"x":-0.021551858633756639,"y":0.947543740272522,"z":-0.08240482956171036,"w":-0.30806779861450198},"size":2.846437454223633,"orthographic":false}