{"cameraMode":{"drawMode":0,"name":"Shaded","section":"Shading Mode"},"sceneLighting":false,"audioPlay":false,"sceneViewState":{"showFog":true,"showMaterialUpdate":false,"showSkybox":true,"showFlares":true,"showImageEffects":true,"showParticleSystems":true},"in2DMode":false,"pivot":{"x":-2.039229393005371,"y":-3.109999895095825,"z":2.6803476810455324},"rotation":{"x":-0.011993234977126122,"y":-0.030899755656719209,"z":-0.0003712234611157328,"w":0.9994505047798157},"size":2.8578836917877199,"orthographic":false}