{"cameraMode":{"drawMode":0,"name":"Shaded","section":"Shading Mode"},"sceneLighting":true,"audioPlay":false,"sceneViewState":{"showFog":true,"showMaterialUpdate":false,"showSkybox":true,"showFlares":true,"showImageEffects":true,"showParticleSystems":true},"in2DMode":false,"pivot":{"x":1.7434391975402833,"y":-3.1276187896728517,"z":0.8852329254150391},"rotation":{"x":0.017581362277269365,"y":-0.21020346879959107,"z":-0.0037804448511451484,"w":-0.9774922728538513},"size":20.37038803100586,"orthographic":false}