{"cameraMode":{"drawMode":0,"name":"Shaded","section":"Shading Mode"},"sceneLighting":true,"audioPlay":false,"sceneViewState":{"showFog":true,"showMaterialUpdate":false,"showSkybox":true,"showFlares":true,"showImageEffects":true,"showParticleSystems":true},"in2DMode":false,"pivot":{"x":12.362737655639649,"y":12.5941801071167,"z":-21.311460494995118},"rotation":{"x":0.22084186971187592,"y":-0.17782878875732423,"z":0.04098990187048912,"w":0.9580844044685364},"size":3.457883596420288,"orthographic":false}