{"cameraMode":{"drawMode":0,"name":"Shaded","section":"Shading Mode"},"sceneLighting":true,"audioPlay":false,"sceneViewState":{"showFog":true,"showMaterialUpdate":false,"showSkybox":true,"showFlares":true,"showImageEffects":true,"showParticleSystems":true},"in2DMode":false,"pivot":{"x":-0.8723576068878174,"y":-13.460124969482422,"z":11.557395935058594},"rotation":{"x":0.26915159821510317,"y":0.05717845261096954,"z":-0.0160087700933218,"w":0.9612657427787781},"size":19.89236068725586,"orthographic":false}