{"cameraMode":{"drawMode":0,"name":"Shaded","section":"Shading Mode"},"sceneLighting":false,"audioPlay":false,"sceneViewState":{"showFog":true,"showMaterialUpdate":false,"showSkybox":true,"showFlares":true,"showImageEffects":true,"showParticleSystems":true},"in2DMode":false,"pivot":{"x":1.333929181098938,"y":-3.5401034355163576,"z":10.578184127807618},"rotation":{"x":-0.15110276639461518,"y":-0.18709519505500794,"z":0.029138969257473947,"w":-0.9702135920524597},"size":5.760433673858643,"orthographic":false}