{"cameraMode":{"drawMode":0,"name":"Shaded","section":"Shading Mode"},"sceneLighting":true,"audioPlay":false,"sceneViewState":{"showFog":true,"showMaterialUpdate":false,"showSkybox":true,"showFlares":true,"showImageEffects":true,"showParticleSystems":true},"in2DMode":false,"pivot":{"x":-8.492450714111329,"y":-6.095461845397949,"z":1.357884407043457},"rotation":{"x":-0.05248475447297096,"y":0.511411190032959,"z":-0.0371161550283432,"w":-0.8569284081459045},"size":13.69877815246582,"orthographic":false}