{"cameraMode":{"drawMode":0,"name":"Shaded","section":"Shading Mode"},"sceneLighting":true,"audioPlay":false,"sceneViewState":{"showFog":true,"showMaterialUpdate":false,"showSkybox":true,"showFlares":true,"showImageEffects":true,"showParticleSystems":true},"in2DMode":false,"pivot":{"x":11.052865982055664,"y":-2.5617456436157228,"z":5.627921104431152},"rotation":{"x":0.14144442975521089,"y":0.09017806500196457,"z":-0.012939774431288243,"w":0.9857454299926758},"size":20.37038803100586,"orthographic":false}