{"cameraMode":{"drawMode":0,"name":"Shaded","section":"Shading Mode"},"sceneLighting":true,"audioPlay":false,"sceneViewState":{"showFog":true,"showMaterialUpdate":false,"showSkybox":true,"showFlares":true,"showImageEffects":true,"showParticleSystems":true},"in2DMode":false,"pivot":{"x":-1.9576072692871094,"y":-3.0504302978515627,"z":0.8535110950469971},"rotation":{"x":0.0772290900349617,"y":0.77130126953125,"z":-0.09538165479898453,"w":0.624525785446167},"size":6.717380523681641,"orthographic":false}