{"cameraMode":{"drawMode":0,"name":"Shaded","section":"Shading Mode"},"sceneLighting":false,"audioPlay":false,"sceneViewState":{"showFog":true,"showMaterialUpdate":true,"showSkybox":true,"showFlares":true,"showImageEffects":true,"showParticleSystems":true},"in2DMode":false,"pivot":{"x":-0.5208991765975952,"y":-0.543114423751831,"z":0.5275450348854065},"rotation":{"x":-0.10475030541419983,"y":0.7116727828979492,"z":-0.10865321010351181,"w":-0.6861077547073364},"size":1.4289418458938599,"orthographic":false}