{"cameraMode":{"drawMode":0,"name":"Shaded","section":"Shading Mode"},"sceneLighting":false,"audioPlay":false,"sceneViewState":{"showFog":true,"showMaterialUpdate":false,"showSkybox":true,"showFlares":true,"showImageEffects":true,"showParticleSystems":true},"in2DMode":false,"pivot":{"x":-2.6901752948760988,"y":-1.893911361694336,"z":1.1737158298492432},"rotation":{"x":0.005602305289357901,"y":0.9975386261940002,"z":0.00899606291204691,"w":-0.06931313127279282},"size":2.846437454223633,"orthographic":false}