{"cameraMode":{"drawMode":0,"name":"Shaded","section":"Shading Mode"},"sceneLighting":false,"audioPlay":false,"sceneViewState":{"showFog":true,"showMaterialUpdate":false,"showSkybox":true,"showFlares":true,"showImageEffects":true,"showParticleSystems":true},"in2DMode":false,"pivot":{"x":-3.219008445739746,"y":-2.8834095001220705,"z":1.9323381185531617},"rotation":{"x":-0.07515257596969605,"y":0.6974345445632935,"z":-0.081034816801548,"w":-0.708075225353241},"size":2.846437454223633,"orthographic":false}