{"cameraMode":{"drawMode":0,"name":"Shaded","section":"Shading Mode"},"sceneLighting":false,"audioPlay":false,"sceneViewState":{"showFog":true,"showMaterialUpdate":false,"showSkybox":true,"showFlares":true,"showImageEffects":true,"showParticleSystems":true},"in2DMode":false,"pivot":{"x":0.1400010585784912,"y":1.65825617313385,"z":1.9299997091293336},"rotation":{"x":-0.1817174255847931,"y":-0.49002379179000857,"z":0.10524877905845642,"w":-0.8460367918014526},"size":5.904257774353027,"orthographic":false}