{"cameraMode":{"drawMode":0,"name":"Shaded","section":"Shading Mode"},"sceneLighting":false,"audioPlay":false,"sceneViewState":{"showFog":true,"showMaterialUpdate":false,"showSkybox":true,"showFlares":true,"showImageEffects":true,"showParticleSystems":true},"in2DMode":false,"pivot":{"x":224.11831665039063,"y":158.94149780273438,"z":-0.008514404296875},"rotation":{"x":-0.023999061435461046,"y":0.00568466167896986,"z":-0.0001357902365271002,"w":-0.9996958374977112},"size":340.15625,"orthographic":false}