{"cameraMode":{"drawMode":0,"name":"Shaded","section":"Shading Mode"},"sceneLighting":false,"audioPlay":false,"sceneViewState":{"showFog":true,"showMaterialUpdate":false,"showSkybox":true,"showFlares":true,"showImageEffects":true,"showParticleSystems":true},"in2DMode":false,"pivot":{"x":-0.6897815465927124,"y":-1.401259422302246,"z":-4.1205573081970219},"rotation":{"x":-0.06372492760419846,"y":-0.9386929869651794,"z":0.20124253630638123,"w":-0.27257317304611208},"size":2.931103229522705,"orthographic":false}