{"cameraMode":{"drawMode":0,"name":"Shaded","section":"Shading Mode"},"sceneLighting":true,"audioPlay":false,"sceneViewState":{"showFog":true,"showMaterialUpdate":false,"showSkybox":true,"showFlares":true,"showImageEffects":true,"showParticleSystems":true},"in2DMode":false,"pivot":{"x":1.2344703674316407,"y":-4.590843677520752,"z":-1.7270346879959107},"rotation":{"x":0.05768636241555214,"y":0.724230945110321,"z":-0.06103922054171562,"w":0.6844239830970764},"size":10.234586715698243,"orthographic":false}