{"cameraMode":{"drawMode":0,"name":"Shaded","section":"Shading Mode"},"sceneLighting":false,"audioPlay":false,"sceneViewState":{"showFog":true,"showMaterialUpdate":false,"showSkybox":true,"showFlares":true,"showImageEffects":true,"showParticleSystems":true},"in2DMode":false,"pivot":{"x":-0.9786213636398315,"y":-3.1422505378723146,"z":2.5709280967712404},"rotation":{"x":-0.010436296463012696,"y":0.11226353049278259,"z":-0.0011783873196691275,"w":-0.9936230182647705},"size":2.8578836917877199,"orthographic":false}