{"cameraMode":{"drawMode":0,"name":"Shaded","section":"Shading Mode"},"sceneLighting":false,"audioPlay":false,"sceneViewState":{"showFog":true,"showMaterialUpdate":false,"showSkybox":true,"showFlares":true,"showImageEffects":true,"showParticleSystems":true},"in2DMode":false,"pivot":{"x":0.12534546852111817,"y":0.191514253616333,"z":-0.013588428497314453},"rotation":{"x":0.09162330627441406,"y":0.8870378732681274,"z":-0.20028528571128846,"w":0.4057767391204834},"size":28.777385711669923,"orthographic":false}