{"cameraMode":{"drawMode":0,"name":"Shaded","section":"Shading Mode"},"sceneLighting":false,"audioPlay":false,"sceneViewState":{"showFog":true,"showMaterialUpdate":false,"showSkybox":true,"showFlares":true,"showImageEffects":true,"showParticleSystems":true},"in2DMode":false,"pivot":{"x":0.2972491979598999,"y":-4.344244480133057,"z":3.283839702606201},"rotation":{"x":0.044543106108903888,"y":0.7732986807823181,"z":-0.05466262623667717,"w":0.6301088929176331},"size":3.951441526412964,"orthographic":false}