{"cameraMode":{"drawMode":0,"name":"Shaded","section":"Shading Mode"},"sceneLighting":true,"audioPlay":false,"sceneViewState":{"showFog":true,"showMaterialUpdate":true,"showSkybox":true,"showFlares":true,"showImageEffects":true,"showParticleSystems":true},"in2DMode":false,"pivot":{"x":-1.6205974817276,"y":-2.3715474605560304,"z":2.856402635574341},"rotation":{"x":-0.22652536630630494,"y":0.46276599168777468,"z":-0.12359844893217087,"w":-0.8481106758117676},"size":9.028280258178711,"orthographic":false}