{"cameraMode":{"drawMode":0,"name":"Shaded","section":"Shading Mode"},"sceneLighting":true,"audioPlay":false,"sceneViewState":{"showFog":true,"showMaterialUpdate":true,"showSkybox":true,"showFlares":true,"showImageEffects":true,"showParticleSystems":true},"in2DMode":false,"pivot":{"x":-3.159944534301758,"y":-2.4783248901367189,"z":3.7139182090759279},"rotation":{"x":0.2676481604576111,"y":-0.38676491379737856,"z":0.11837197095155716,"w":0.8745205998420715},"size":9.028280258178711,"orthographic":false}