{"cameraMode":{"drawMode":0,"name":"Shaded","section":"Shading Mode"},"sceneLighting":true,"audioPlay":false,"sceneViewState":{"showFog":true,"showMaterialUpdate":true,"showSkybox":true,"showFlares":true,"showImageEffects":true,"showParticleSystems":true},"in2DMode":false,"pivot":{"x":3.718815803527832,"y":6.654937267303467,"z":-115.43289184570313},"rotation":{"x":-0.000011783641639340203,"y":0.9999819397926331,"z":0.005663719493895769,"w":0.002022298751398921},"size":82.51235961914063,"orthographic":false}