{"cameraMode":{"drawMode":0,"name":"Shaded","section":"Shading Mode"},"sceneLighting":true,"audioPlay":false,"sceneViewState":{"showFog":true,"showMaterialUpdate":true,"showSkybox":true,"showFlares":true,"showImageEffects":true,"showParticleSystems":true},"in2DMode":false,"pivot":{"x":-17.162967681884767,"y":140.2288818359375,"z":-55.0035514831543},"rotation":{"x":0.21900849044322968,"y":0.006448552943766117,"z":-0.0014483067207038403,"w":0.9757006168365479},"size":21.38789176940918,"orthographic":false}