{"cameraMode":{"drawMode":0,"name":"Shaded","section":"Shading Mode"},"sceneLighting":true,"audioPlay":false,"sceneViewState":{"showFog":true,"showMaterialUpdate":true,"showSkybox":true,"showFlares":true,"showImageEffects":true,"showParticleSystems":true},"in2DMode":false,"pivot":{"x":15.901115417480469,"y":3.101339340209961,"z":91.11380004882813},"rotation":{"x":0.0757763609290123,"y":0.46020638942718508,"z":-0.03946422040462494,"w":0.8836914896965027},"size":102.6816635131836,"orthographic":false}