{"cameraMode":{"drawMode":0,"name":"Shaded","section":"Shading Mode"},"sceneLighting":false,"audioPlay":false,"sceneViewState":{"showFog":true,"showMaterialUpdate":false,"showSkybox":true,"showFlares":true,"showImageEffects":true,"showParticleSystems":true},"in2DMode":false,"pivot":{"x":-0.4783443808555603,"y":2.7874341011047365,"z":-3.023306369781494},"rotation":{"x":0.050256386399269107,"y":-0.1675678789615631,"z":0.008553244173526764,"w":0.9845415949821472},"size":2.8578836917877199,"orthographic":false}