{"cameraMode":{"drawMode":0,"name":"Shaded","section":"Shading Mode"},"sceneLighting":false,"audioPlay":false,"sceneViewState":{"showFog":true,"showMaterialUpdate":false,"showSkybox":true,"showFlares":true,"showImageEffects":true,"showParticleSystems":true},"in2DMode":false,"pivot":{"x":-10.98557186126709,"y":4.086228370666504,"z":23.633987426757814},"rotation":{"x":-0.06504730880260468,"y":-0.8624569177627564,"z":0.11480703949928284,"w":-0.4886268675327301},"size":4.0578837394714359,"orthographic":false}