{"cameraMode":{"drawMode":0,"name":"Shaded","section":"Shading Mode"},"sceneLighting":true,"audioPlay":false,"sceneViewState":{"showFog":true,"showMaterialUpdate":true,"showSkybox":true,"showFlares":true,"showImageEffects":true,"showParticleSystems":true},"in2DMode":false,"pivot":{"x":-1.6348292827606202,"y":0.3090500831604004,"z":-18.340112686157228},"rotation":{"x":-0.14539359509944917,"y":0.050433915108442309,"z":-0.007420283742249012,"w":-0.9880598187446594},"size":21.38789176940918,"orthographic":false}