{"cameraMode":{"drawMode":0,"name":"Shaded","section":"Shading Mode"},"sceneLighting":false,"audioPlay":false,"sceneViewState":{"showFog":true,"showMaterialUpdate":false,"showSkybox":true,"showFlares":true,"showImageEffects":true,"showParticleSystems":true},"in2DMode":false,"pivot":{"x":0.6805554628372192,"y":2.7695274353027345,"z":-2.618365526199341},"rotation":{"x":0.08299575746059418,"y":-0.29495787620544436,"z":0.025726335123181344,"w":0.9515512585639954},"size":2.8578836917877199,"orthographic":false}