{"cameraMode":{"drawMode":0,"name":"Shaded","section":"Shading Mode"},"sceneLighting":true,"audioPlay":false,"sceneViewState":{"showFog":true,"showMaterialUpdate":true,"showSkybox":true,"showFlares":true,"showImageEffects":true,"showParticleSystems":true},"in2DMode":false,"pivot":{"x":3.672790765762329,"y":6.804802894592285,"z":-35.217369079589847},"rotation":{"x":0.1825220137834549,"y":0.10045751929283142,"z":-0.018751634284853936,"w":0.9778764247894287},"size":13.01712703704834,"orthographic":false}