{"cameraMode":{"drawMode":0,"name":"Shaded","section":"Shading Mode"},"sceneLighting":true,"audioPlay":false,"sceneViewState":{"showFog":true,"showMaterialUpdate":true,"showSkybox":true,"showFlares":true,"showImageEffects":true,"showParticleSystems":true},"in2DMode":false,"pivot":{"x":0.5848020911216736,"y":5.407835960388184,"z":-43.718929290771487},"rotation":{"x":0.055482495576143268,"y":-0.007433959748595953,"z":0.00041170307667925954,"w":0.998431921005249},"size":12.634592056274414,"orthographic":false}