{"cameraMode":{"drawMode":0,"name":"Shaded","section":"Shading Mode"},"sceneLighting":true,"audioPlay":false,"sceneViewState":{"showFog":true,"showMaterialUpdate":false,"showSkybox":true,"showFlares":true,"showImageEffects":true,"showParticleSystems":true},"in2DMode":false,"pivot":{"x":0.47722429037094118,"y":0.6285107135772705,"z":-32.45157241821289},"rotation":{"x":0.0919351875782013,"y":-0.028630275279283525,"z":0.0026446825359016659,"w":0.9953498244285584},"size":0.23053842782974244,"orthographic":false}