{"cameraMode":{"drawMode":0,"name":"Shaded","section":"Shading Mode"},"sceneLighting":false,"audioPlay":false,"sceneViewState":{"showFog":true,"showMaterialUpdate":false,"showSkybox":true,"showFlares":true,"showImageEffects":true,"showParticleSystems":true},"in2DMode":false,"pivot":{"x":-9.753684043884278,"y":4.539680480957031,"z":-0.616039514541626},"rotation":{"x":-0.1147681176662445,"y":-0.38486456871032717,"z":0.04829518496990204,"w":-0.9145354628562927},"size":4.0578837394714359,"orthographic":false}