{"cameraMode":{"drawMode":0,"name":"Shaded","section":"Shading Mode"},"sceneLighting":false,"audioPlay":false,"sceneViewState":{"showFog":true,"showMaterialUpdate":false,"showSkybox":true,"showFlares":true,"showImageEffects":true,"showParticleSystems":true},"in2DMode":false,"pivot":{"x":-0.8827865719795227,"y":-0.1036461889743805,"z":3.8185346126556398},"rotation":{"x":-0.043162573128938678,"y":-0.9538676738739014,"z":0.16800202429294587,"w":-0.24504879117012025},"size":4.0578837394714359,"orthographic":false}