{"cameraMode":{"drawMode":0,"name":"Shaded","section":"Shading Mode"},"sceneLighting":true,"audioPlay":false,"sceneViewState":{"showFog":true,"showMaterialUpdate":false,"showSkybox":true,"showFlares":true,"showImageEffects":true,"showParticleSystems":true},"in2DMode":false,"pivot":{"x":-10.273935317993164,"y":36.54700469970703,"z":70.44859313964844},"rotation":{"x":0.12734553217887879,"y":0.04838153347373009,"z":-0.006216304376721382,"w":0.9906582832336426},"size":22.0,"orthographic":false}