{"cameraMode":{"drawMode":0,"name":"Shaded","section":"Shading Mode"},"sceneLighting":false,"audioPlay":false,"sceneViewState":{"showFog":true,"showMaterialUpdate":false,"showSkybox":true,"showFlares":true,"showImageEffects":true,"showParticleSystems":true},"in2DMode":false,"pivot":{"x":72.57994842529297,"y":260.2420349121094,"z":-153.60186767578126},"rotation":{"x":-0.08810590207576752,"y":0.8203927278518677,"z":-0.13155405223369599,"w":-0.5494421124458313},"size":6.441839218139648,"orthographic":false}