{"cameraMode":{"drawMode":0,"name":"Shaded","section":"Shading Mode"},"sceneLighting":false,"audioPlay":false,"sceneViewState":{"showFog":true,"showMaterialUpdate":false,"showSkybox":true,"showFlares":true,"showImageEffects":true,"showParticleSystems":true},"in2DMode":false,"pivot":{"x":-1.5278934240341187,"y":0.14123617112636567,"z":-19.362821578979493},"rotation":{"x":0.4029618501663208,"y":-0.15792080760002137,"z":0.07080771774053574,"w":0.8987041115760803},"size":15.47134780883789,"orthographic":false}