{"cameraMode":{"drawMode":0,"name":"Shaded","section":"Shading Mode"},"sceneLighting":true,"audioPlay":false,"sceneViewState":{"showFog":true,"showMaterialUpdate":true,"showSkybox":true,"showFlares":true,"showImageEffects":true,"showParticleSystems":true},"in2DMode":false,"pivot":{"x":-3.259406566619873,"y":18.67689323425293,"z":124.38427734375},"rotation":{"x":0.00595844117924571,"y":0.017275981605052949,"z":0.00010406236833659932,"w":-0.9998330473899841},"size":102.6816635131836,"orthographic":false}