{"cameraMode":{"drawMode":0,"name":"Shaded","section":"Shading Mode"},"sceneLighting":true,"audioPlay":false,"sceneViewState":{"showFog":true,"showMaterialUpdate":true,"showSkybox":true,"showFlares":true,"showImageEffects":true,"showParticleSystems":true},"in2DMode":false,"pivot":{"x":-0.868567943572998,"y":-0.08730867505073548,"z":-24.045591354370118},"rotation":{"x":0.05099073424935341,"y":-0.0029420896898955108,"z":0.00014875517808832228,"w":0.9986947774887085},"size":12.066035270690918,"orthographic":false}