{"cameraMode":{"drawMode":0,"name":"Shaded","section":"Shading Mode"},"sceneLighting":true,"audioPlay":false,"sceneViewState":{"showFog":true,"showMaterialUpdate":true,"showSkybox":true,"showFlares":true,"showImageEffects":true,"showParticleSystems":true},"in2DMode":false,"pivot":{"x":-1.648231029510498,"y":2.342475414276123,"z":1.5079751014709473},"rotation":{"x":-0.05526736378669739,"y":0.8839766383171082,"z":-0.10821247100830078,"w":-0.4514780342578888},"size":6.0073957443237309,"orthographic":false}